{
    "counts_1285": [
        1.0963796138276354,
        1.3183299882119641,
        1.5635796314071917,
        1.8541844678257,
        2.166596407972306,
        2.4990986003007,
        2.7953504664455626,
        3.062479718027396,
        3.2972443353040983,
        3.5096356769929606,
        3.499012904255663,
        3.848647978801967,
        4.0493979137851985,
        4.314748157848168,
        4.771178418300539,
        5.63763217038272,
        6.270632444902615,
        7.264365671237346,
        8.01073280609184,
        10.164445022062708,
        11.879436549858152,
        14.272085932318856,
        15.46756003075978,
        18.817127407428504,
        24.917832213827186,
        28.716026037763868,
        36.00482584076776,
        43.037775760429575,
        57.132428942446005,
        59.65574812137655,
        81.05800840642581,
        108.69493231685543,
        142.2945212868665,
        159.80938793394745,
        174.1842345806283,
        289.7564908752577,
        295.2112651838976,
        337.8356004442796,
        420.41563107483444,
        316.4542335325681,
        418.04216299350935,
        340.8899892650102,
        400.2864612662984,
        293.77008734285386,
        431.195519051109,
        791.1355838314261,
        928.9825844300133,
        0.0,
        500.3580765828767,
        2203.2756550713843,
        0.0,
        0.0,
        0.0,
        0.0
    ],
    "counts_1285_err": [
        0.0023421835854165523,
        0.0031116149978095346,
        0.004105510110639027,
        0.0054164772896864175,
        0.007093536372104736,
        0.009229938759432276,
        0.011826564094299543,
        0.014997207525491375,
        0.01885309644726691,
        0.02356521873589727,
        0.028506674879532203,
        0.03622106525460849,
        0.0450127643170275,
        0.0562926270303997,
        0.07171664302246303,
        0.09444714308588212,
        0.12067837766845756,
        0.15736421243996998,
        0.20020576562315717,
        0.27322197486306754,
        0.3578533152407158,
        0.4752084813333471,
        0.599355776901367,
        0.8009101297846475,
        1.1165947608297908,
        1.4522318579735753,
        1.9700964168508797,
        2.6095484610573316,
        3.642630625444946,
        4.509550680133457,
        6.368518601517763,
        8.934668399057694,
        12.385148360477936,
        15.90162843389732,
        20.11306294474294,
        31.428504110748467,
        38.433233123562836,
        49.81114178826881,
        67.32037883481387,
        70.76131779464157,
        98.5334827582008,
        107.79887976277803,
        141.52263558928294,
        146.88504367142693,
        215.5977595255545,
        353.8065889732104,
        464.49129221500664,
        0.0,
        500.3580765828767,
        1272.061792554413,
        0.0,
        0.0,
        0.0,
        0.0
    ],
    "counts_1670": [
        0.9611828615349419,
        1.143514753486417,
        1.37160060643766,
        1.586179377446968,
        1.8548763017668124,
        2.101791317812333,
        2.2868865890220422,
        2.5217958722728766,
        2.639024375472574,
        2.7362215302393613,
        2.871252922827078,
        3.095962882504825,
        3.3203761962039513,
        3.544336103791533,
        4.16966066922424,
        4.723079435473596,
        5.490287073981401,
        6.0848863083804146,
        7.450331760319018,
        8.460578515474163,
        10.294793017345315,
        12.151842567650645,
        13.377349215792242,
        17.078588462176956,
        22.0657911773048,
        26.145537773513908,
        31.04607737167998,
        40.50614189216901,
        45.2879009909633,
        58.97396814284653,
        70.05013072160254,
        105.75723144342692,
        129.35865571533319,
        109.17671056873637,
        202.05371211352883,
        228.39629280755608,
        210.15039216480847,
        315.8028438935657,
        323.3966392883342,
        142.40440508965563,
        418.04216299350935,
        238.62299248550715,
        350.2506536080111,
        220.3275655071404,
        538.9943988138863,
        474.68135029885553,
        696.73693832251,
        0.0,
        1000.7161531657534,
        1468.8504367142561,
        0.0,
        0.0,
        0.0,
        0.0
    ],
    "counts_1670_err": [
        0.0021930244135486723,
        0.0028979752803015074,
        0.0038452179243305172,
        0.005009756376986541,
        0.006563436182011166,
        0.008464511916031148,
        0.01069701909433767,
        0.01360907963143032,
        0.016866649677473262,
        0.020807317067887576,
        0.025823167702666447,
        0.03248665501066461,
        0.040759993217175196,
        0.05102009228684494,
        0.06704362379326516,
        0.08644762815329973,
        0.11292011640148487,
        0.1440234990667357,
        0.19307598684190466,
        0.2492721850438747,
        0.3331316788688064,
        0.43849184859894075,
        0.55738955065801,
        0.763015061288636,
        1.050751960824038,
        1.3857107305775471,
        1.8294076532297618,
        2.5316338682605632,
        3.2431339513653987,
        4.483707770041435,
        5.920316602365116,
        8.813102620285576,
        11.808775623972096,
        13.143331438915444,
        21.662431746742143,
        27.90304818533912,
        32.426909506877294,
        48.1594822007395,
        59.04387811986069,
        47.46813502988521,
        98.5334827582008,
        90.1910136026695,
        132.3823037120893,
        127.20617925544241,
        241.04562304789636,
        274.0574053743393,
        402.2612588948568,
        0.0,
        707.6131779464201,
        1038.6341043494724,
        0.0,
        0.0,
        0.0,
        0.0
    ],
    "counts_870": [
        0.0807327756566473,
        1.5137678830689798,
        1.9239728462301118,
        2.2873786681084325,
        2.7167166699071537,
        3.1530960447056176,
        3.672127924041739,
        4.099708453913171,
        4.48346320821371,
        4.838110549362686,
        5.093611510429788,
        5.181868726817423,
        5.562480737371809,
        5.9517819695662215,
        6.304078488527238,
        6.905031375680661,
        8.086793397463298,
        8.979042317240342,
        10.412451573689642,
        11.743459241530543,
        15.29666103833822,
        17.041060475728834,
        20.507290551292623,
        22.90780727860861,
        28.070088096299305,
        35.10552543747092,
        42.5805575062972,
        53.797219700536964,
        63.63530703345612,
        81.81359742360212,
        89.56409570833469,
        125.58671233906948,
        147.6844652750054,
        221.51796347279844,
        234.56810256857943,
        252.2585920561067,
        415.2972035637881,
        455.3436353814202,
        495.87484690877903,
        632.9084670651362,
        464.4912922150104,
        545.4239828240163,
        600.4296918994476,
        587.5401746857077,
        431.195519051109,
        632.9084670651407,
        1161.2282305375165,
        681.779978530021,
        500.3580765828767,
        2203.2756550713843,
        1077.9887976277805,
        0.0,
        0.0,
        0.0
    ],